{"cameraMode":{"drawMode":0,"name":"Shaded","section":"Shading Mode"},"sceneLighting":true,"audioPlay":false,"sceneViewState":{"m_AlwaysRefresh":false,"showFog":true,"showSkybox":true,"showFlares":true,"showImageEffects":true,"showParticleSystems":true,"showVisualEffectGraphs":true,"m_FxEnabled":true},"in2DMode":false,"pivot":{"x":-5.457550048828125,"y":4.60649299621582,"z":14.959532737731934},"rotation":{"x":0.016540929675102235,"y":0.9833964109420776,"z":-0.13703104853630067,"w":0.11810386180877686},"size":1.2247449159622193,"orthographic":false}